size,best,worst,avg
0,0.000005,0.000000,0.000002
1,0.000001,0.000001,0.000001
10,0.000000,0.000001,0.000002
50,0.000000,0.000001,0.000001
100,0.000000,0.000001,0.000001
